dateTime,id,value
2023-11-15 06:25:45.000,15411,0.0
2023-11-15 06:25:45.000,15421,13420.0
2023-11-15 06:25:45.000,22001,0.0
2023-11-15 06:25:45.100,15411,0.0
2023-11-15 06:25:45.100,22001,0.0
2023-11-15 06:25:56.200,15411,6.869451112711795
2023-11-15 06:25:56.300,22001,6.869451112711795
2023-11-15 06:25:57.700,15411,11.874587422148887
2023-11-15 06:25:57.800,22001,11.874587422148887
2023-11-15 06:25:59.400,15411,17.49193601983115
2023-11-15 06:25:59.500,22001,17.49193601983115
2023-11-15 06:26:00.800,15411,22.558238330466764
2023-11-15 06:26:00.900,22001,22.558238330466764
2023-11-15 06:26:02.200,15411,28.13577843148488
2023-11-15 06:26:02.300,15411,22.21294549045261
2023-11-15 06:26:02.300,22001,28.13577843148488
2023-11-15 06:26:02.400,22001,22.21294549045261
2023-11-15 06:26:02.500,15411,28.51599949642179
2023-11-15 06:26:02.600,22001,28.51599949642179
2023-11-15 06:26:04.200,15411,34.59659541258417
2023-11-15 06:26:04.300,15411,28.72870261315225
2023-11-15 06:26:04.300,22001,34.59659541258417
2023-11-15 06:26:04.400,22001,28.72870261315225
2023-11-15 06:26:04.500,15411,35.00098200626156
2023-11-15 06:26:04.600,22001,35.00098200626156
2023-11-15 06:26:04.700,15411,29.925594397161987
2023-11-15 06:26:04.800,22001,29.925594397161987
2023-11-15 06:26:05.200,15411,37.5114825843505
2023-11-15 06:26:05.300,22001,37.5114825843505
2023-11-15 06:26:06.600,15411,42.8672315140189
2023-11-15 06:26:06.700,15411,37.19119490017437
2023-11-15 06:26:06.700,22001,42.8672315140189
2023-11-15 06:26:06.800,22001,37.19119490017437
2023-11-15 06:26:06.900,15411,43.06169071582929
2023-11-15 06:26:07.000,22001,43.06169071582929
2023-11-15 06:26:08.700,15411,49.33499300397368
2023-11-15 06:26:08.800,22001,49.33499300397368
2023-11-15 06:26:10.300,15411,54.951343312906445
2023-11-15 06:26:10.400,22001,54.951343312906445
2023-11-15 06:26:12.200,15411,60.295826809333754
2023-11-15 06:26:12.300,22001,60.295826809333754
2023-11-15 06:26:13.700,15411,65.86119536899419
2023-11-15 06:26:13.800,22001,65.86119536899419
2023-11-15 06:26:15.100,15411,70.99421653353818
2023-11-15 06:26:15.200,22001,70.99421653353818
2023-11-15 06:26:17.000,15411,76.89919390561118
2023-11-15 06:26:17.100,22001,76.89919390561118
2023-11-15 06:26:18.600,15411,82.20858942504974
2023-11-15 06:26:18.700,22001,82.20858942504974
2023-11-15 06:26:18.800,15411,76.82812001142007
2023-11-15 06:26:18.900,22001,76.82812001142007
2023-11-15 06:26:19.100,15411,83.07089500429723
2023-11-15 06:26:19.200,22001,83.07089500429723
2023-11-15 06:26:20.800,15411,89.24811363793347
2023-11-15 06:26:20.900,22001,89.24811363793347
2023-11-15 06:26:22.500,15411,94.27391191414465
2023-11-15 06:26:22.600,22001,94.27391191414465
2023-11-15 06:26:24.000,15411,100.20587014072812
2023-11-15 06:26:24.100,22001,100.20587014072812
2023-11-15 06:26:24.300,15411,94.79377093193274
2023-11-15 06:26:24.400,15411,100.03756532255659
2023-11-15 06:26:24.400,22001,94.79377093193274
2023-11-15 06:26:24.500,22001,100.03756532255659
2023-11-15 06:26:25.400,15411,112.62948516704655
2023-11-15 06:26:25.500,15411,124.14971131796555
2023-11-15 06:26:25.500,22001,112.62948516704655
2023-11-15 06:26:25.600,15411,142.0974350506047
2023-11-15 06:26:25.600,22001,124.14971131796555
2023-11-15 06:26:25.700,15411,150.83703071280786
2023-11-15 06:26:25.700,22001,142.0974350506047
2023-11-15 06:26:25.800,15411,127.50694727035054
2023-11-15 06:26:25.800,22001,150.83703071280786
2023-11-15 06:26:25.900,15411,104.14287511301748
2023-11-15 06:26:25.900,22001,127.50694727035054
2023-11-15 06:26:26.000,15411,79.12429253818652
2023-11-15 06:26:26.000,22001,104.14287511301748
2023-11-15 06:26:26.100,15411,85.72624005163853
2023-11-15 06:26:26.100,22001,79.12429253818652
2023-11-15 06:26:26.200,15411,76.66756005855851
2023-11-15 06:26:26.200,22001,85.72624005163853
2023-11-15 06:26:26.300,22001,76.66756005855851
2023-11-15 06:26:26.400,15411,68.53528733767148
2023-11-15 06:26:26.500,15411,75.02025696719382
2023-11-15 06:26:26.500,22001,68.53528733767148
2023-11-15 06:26:26.600,15411,197.69013319421185
2023-11-15 06:26:26.600,22001,75.02025696719382
2023-11-15 06:26:26.700,22001,197.69013319421185
2023-11-15 06:26:26.900,15411,191.78240087928916
2023-11-15 06:26:27.000,22001,191.78240087928916
2023-11-15 06:26:27.300,15411,182.31895085758737
2023-11-15 06:26:27.400,22001,182.31895085758737
2023-11-15 06:26:27.800,15411,123.80235543938615
2023-11-15 06:26:27.900,22001,123.80235543938615
2023-11-15 06:26:29.200,15411,129.616640968806
2023-11-15 06:26:29.300,22001,129.616640968806
2023-11-15 06:26:31.300,15411,135.7057119202879
2023-11-15 06:26:31.400,22001,135.7057119202879
2023-11-15 06:26:32.800,15411,142.471031919389
2023-11-15 06:26:32.900,22001,142.471031919389
2023-11-15 06:26:34.400,15411,147.48914794121646
2023-11-15 06:26:34.500,22001,147.48914794121646
2023-11-15 06:26:35.900,15411,152.81475405833004
2023-11-15 06:26:36.000,15411,147.73438933268028
2023-11-15 06:26:36.000,22001,152.81475405833004
2023-11-15 06:26:36.100,22001,147.73438933268028
2023-11-15 06:26:36.200,15411,153.36808865768603
2023-11-15 06:26:36.300,22001,153.36808865768603
2023-11-15 06:26:37.300,15411,158.4477362171631
2023-11-15 06:26:37.400,22001,158.4477362171631
2023-11-15 06:26:37.500,15411,152.39178147872707
2023-11-15 06:26:37.600,22001,152.39178147872707
2023-11-15 06:26:37.800,15411,159.81866361395242
2023-11-15 06:26:37.900,15411,153.93321821056185
2023-11-15 06:26:37.900,22001,159.81866361395242
2023-11-15 06:26:38.000,15411,159.0606064360712
2023-11-15 06:26:38.000,22001,153.93321821056185
2023-11-15 06:26:38.100,22001,159.0606064360712
2023-11-15 06:26:39.100,15411,164.44882415258093
2023-11-15 06:26:39.200,22001,164.44882415258093
2023-11-15 06:26:40.900,15411,169.60645302497062
2023-11-15 06:26:41.000,22001,169.60645302497062
2023-11-15 06:26:42.500,15411,175.01846487528596
2023-11-15 06:26:42.600,22001,175.01846487528596
2023-11-15 06:26:43.700,15411,180.68954994503412
2023-11-15 06:26:43.800,22001,180.68954994503412
2023-11-15 06:26:45.500,15411,186.0012959700631
2023-11-15 06:26:45.600,22001,186.0012959700631
2023-11-15 06:26:47.400,15411,192.74693012551248
2023-11-15 06:26:47.500,22001,192.74693012551248
2023-11-15 06:26:48.500,15411,197.85649583918928
2023-11-15 06:26:48.600,22001,197.85649583918928
2023-11-15 06:26:48.900,15411,192.33408313642863
2023-11-15 06:26:49.000,22001,192.33408313642863
2023-11-15 06:26:49.200,15411,200.0824570001738
2023-11-15 06:26:49.300,22001,200.0824570001738
2023-11-15 06:26:51.000,15411,205.33839871625102
2023-11-15 06:26:51.100,22001,205.33839871625102
2023-11-15 06:26:52.500,15411,210.3687548413458
2023-11-15 06:26:52.600,22001,210.3687548413458
2023-11-15 06:26:53.900,15411,215.93632194487898
2023-11-15 06:26:54.000,22001,215.93632194487898
2023-11-15 06:26:55.500,15411,221.78275627660744
2023-11-15 06:26:55.600,22001,221.78275627660744
2023-11-15 06:26:57.200,15411,228.32717120988747
2023-11-15 06:26:57.300,22001,228.32717120988747
2023-11-15 06:26:57.500,15411,223.29584727442187
2023-11-15 06:26:57.600,22001,223.29584727442187
2023-11-15 06:26:58.100,15411,229.63439217658882
2023-11-15 06:26:58.200,22001,229.63439217658882
2023-11-15 06:35:33.200,15411,208.83608830760843
2023-11-15 06:35:33.300,15411,214.6217666801483
2023-11-15 06:35:33.300,22001,208.83608830760843
2023-11-15 06:35:33.400,22001,214.6217666801483
2023-11-15 06:35:33.500,15411,206.58636991716267
2023-11-15 06:35:33.600,22001,206.58636991716267
2023-11-15 06:35:33.700,15411,216.00985548749787
2023-11-15 06:35:33.800,15411,204.20156641603586
2023-11-15 06:35:33.800,22001,216.00985548749787
2023-11-15 06:35:33.900,15411,209.60155177774016
2023-11-15 06:35:33.900,22001,204.20156641603586
2023-11-15 06:35:34.000,15411,202.94798576542533
2023-11-15 06:35:34.000,22001,209.60155177774016
2023-11-15 06:35:34.100,22001,202.94798576542533
2023-11-15 06:35:34.400,15411,208.8448881468218
2023-11-15 06:35:34.500,15411,203.60967380574746
2023-11-15 06:35:34.500,22001,208.8448881468218
2023-11-15 06:35:34.600,22001,203.60967380574746
2023-11-15 06:35:34.700,15411,215.60822028715
2023-11-15 06:35:34.800,22001,215.60822028715
2023-11-15 06:35:35.000,15411,203.23178191123472
2023-11-15 06:35:35.100,22001,203.23178191123472
2023-11-15 06:35:35.200,15411,208.34813209571084
2023-11-15 06:35:35.300,15411,215.78291021710828
2023-11-15 06:35:35.300,22001,208.34813209571084
2023-11-15 06:35:35.400,15411,209.46080045381717
2023-11-15 06:35:35.400,22001,215.78291021710828
2023-11-15 06:35:35.500,22001,209.46080045381717
2023-11-15 06:35:35.600,15411,214.9907842678894
2023-11-15 06:35:35.700,15411,206.33945121103835
2023-11-15 06:35:35.700,22001,214.9907842678894
2023-11-15 06:35:35.800,22001,206.33945121103835
2023-11-15 06:35:36.100,15411,214.40883502711006
2023-11-15 06:35:36.200,15411,202.37657249160492
2023-11-15 06:35:36.200,22001,214.40883502711006
2023-11-15 06:35:36.300,22001,202.37657249160492
2023-11-15 06:35:36.400,15411,208.356201264609
2023-11-15 06:35:36.500,22001,208.356201264609
2023-11-15 06:35:36.700,15411,202.19812971299356
2023-11-15 06:35:36.800,22001,202.19812971299356
2023-11-15 06:35:36.900,15411,211.43311526580348
2023-11-15 06:35:37.000,22001,211.43311526580348
2023-11-15 06:35:37.300,15411,203.0156322865118
2023-11-15 06:35:37.400,22001,203.0156322865118
2023-11-15 06:35:37.500,15411,213.80131795789399
2023-11-15 06:35:37.600,15411,205.2503207656282
2023-11-15 06:35:37.600,22001,213.80131795789399
2023-11-15 06:35:37.700,22001,205.2503207656282
2023-11-15 06:35:37.800,15411,213.2980201542861
2023-11-15 06:35:37.900,15411,206.63259816400736
2023-11-15 06:35:37.900,22001,213.2980201542861
2023-11-15 06:35:38.000,15411,211.83315513677368
2023-11-15 06:35:38.000,22001,206.63259816400736
2023-11-15 06:35:38.100,22001,211.83315513677368
2023-11-15 06:35:38.200,15411,203.76312062315787
2023-11-15 06:35:38.300,15411,209.2984687132702
2023-11-15 06:35:38.300,22001,203.76312062315787
2023-11-15 06:35:38.400,22001,209.2984687132702
2023-11-15 06:35:40.000,15411,201.99040446547673
2023-11-15 06:35:40.100,15411,215.2027106071153
2023-11-15 06:35:40.100,22001,201.99040446547673
2023-11-15 06:35:40.200,22001,215.2027106071153
2023-11-15 06:35:40.300,15411,207.32384340482432
2023-11-15 06:35:40.400,22001,207.32384340482432
2023-11-15 06:35:40.500,15411,202.04067631846257
2023-11-15 06:35:40.600,22001,202.04067631846257
2023-11-15 06:35:40.700,15411,207.0770022435843
2023-11-15 06:35:40.800,15411,214.1252076279667
2023-11-15 06:35:40.800,22001,207.0770022435843
2023-11-15 06:35:40.900,22001,214.1252076279667
2023-11-15 06:35:41.300,15411,204.2430317838926
2023-11-15 06:35:41.400,22001,204.2430317838926
2023-11-15 06:35:41.500,15411,212.87137444399974
2023-11-15 06:35:41.600,15411,203.7515515038228
2023-11-15 06:35:41.600,22001,212.87137444399974
2023-11-15 06:35:41.700,15411,210.67141925041702
2023-11-15 06:35:41.700,22001,203.7515515038228
2023-11-15 06:35:41.800,22001,210.67141925041702
2023-11-15 06:35:42.000,15411,204.4739466127395
2023-11-15 06:35:42.100,22001,204.4739466127395
2023-11-15 06:35:42.400,15411,215.18566670856137
2023-11-15 06:35:42.500,15411,206.54015682070312
2023-11-15 06:35:42.500,22001,215.18566670856137
2023-11-15 06:35:42.600,15411,214.5338777162922
2023-11-15 06:35:42.600,22001,206.54015682070312
2023-11-15 06:35:42.700,15411,202.921593853706
2023-11-15 06:35:42.700,22001,214.5338777162922
2023-11-15 06:35:42.800,15411,208.98488622393887
2023-11-15 06:35:42.800,22001,202.921593853706
2023-11-15 06:35:42.900,22001,208.98488622393887
2023-11-15 06:35:43.600,15411,214.4532152676557
2023-11-15 06:35:43.700,22001,214.4532152676557
2023-11-15 06:35:44.100,15411,208.61988051699123
2023-11-15 06:35:44.200,15411,215.1696754334493
2023-11-15 06:35:44.200,22001,208.61988051699123
2023-11-15 06:35:44.300,22001,215.1696754334493
2023-11-15 06:35:44.500,15411,205.20612576349316
2023-11-15 06:35:44.600,22001,205.20612576349316
2023-11-15 06:35:44.700,15411,214.66315567800353
2023-11-15 06:35:44.800,22001,214.66315567800353
2023-11-15 06:35:44.900,15411,208.96755620204945
2023-11-15 06:35:45.000,22001,208.96755620204945
2023-11-15 06:35:45.100,15411,215.1268875467826
2023-11-15 06:35:45.200,22001,215.1268875467826
2023-11-15 06:35:45.300,15411,203.16979856457533
2023-11-15 06:35:45.400,22001,203.16979856457533
2023-11-15 06:35:45.500,15411,211.37358075581244
2023-11-15 06:35:45.600,15411,202.36531150238656
2023-11-15 06:35:45.600,22001,211.37358075581244
2023-11-15 06:35:45.700,22001,202.36531150238656
2023-11-15 06:35:45.800,15411,209.80036212439376
2023-11-15 06:35:45.900,22001,209.80036212439376
2023-11-15 06:35:46.200,15411,201.32140174394715
2023-11-15 06:35:46.300,22001,201.32140174394715
2023-11-15 06:35:46.500,15411,214.2151038622779
2023-11-15 06:35:46.600,22001,214.2151038622779
2023-11-15 06:35:46.900,15411,207.13990550284447
2023-11-15 06:35:47.000,22001,207.13990550284447
2023-11-15 06:35:47.300,15411,214.52120737928016
2023-11-15 06:35:47.400,15411,206.76282874038708
2023-11-15 06:35:47.400,22001,214.52120737928016
2023-11-15 06:35:47.500,22001,206.76282874038708
2023-11-15 06:35:47.800,15411,213.30874297815424
2023-11-15 06:35:47.900,15411,206.18872075469346
2023-11-15 06:35:47.900,22001,213.30874297815424
2023-11-15 06:35:48.000,22001,206.18872075469346
2023-11-15 06:35:48.200,15411,214.55077655350743
2023-11-15 06:35:48.300,22001,214.55077655350743
2023-11-15 06:35:48.400,15411,204.8506802059468
2023-11-15 06:35:48.500,15411,211.3995577545021
2023-11-15 06:35:48.500,22001,204.8506802059468
2023-11-15 06:35:48.600,22001,211.3995577545021
2023-11-15 06:35:48.700,15411,205.4537237541319
2023-11-15 06:35:48.800,22001,205.4537237541319
2023-11-15 06:35:49.100,15411,213.17339695970762
2023-11-15 06:35:49.200,22001,213.17339695970762
2023-11-15 06:35:49.400,15411,206.01784263892588
2023-11-15 06:35:49.500,15411,214.47234828747506
2023-11-15 06:35:49.500,22001,206.01784263892588
2023-11-15 06:35:49.600,22001,214.47234828747506
2023-11-15 06:35:50.300,15411,209.02128423378917
2023-11-15 06:35:50.400,22001,209.02128423378917
2023-11-15 06:35:50.500,15411,203.05007146349453
2023-11-15 06:35:50.600,22001,203.05007146349453
2023-11-15 06:35:50.800,15411,213.75808106654932
2023-11-15 06:35:50.900,15411,205.79389794641736
2023-11-15 06:35:50.900,22001,213.75808106654932
2023-11-15 06:35:51.000,22001,205.79389794641736
2023-11-15 06:35:51.500,15411,214.3910814074113
2023-11-15 06:35:51.600,15411,203.38551819430072
2023-11-15 06:35:51.600,22001,214.3910814074113
2023-11-15 06:35:51.700,22001,203.38551819430072
2023-11-15 06:35:51.900,15411,211.40460033004055
2023-11-15 06:35:52.000,22001,211.40460033004055
2023-11-15 06:35:52.300,15411,201.54994575172742
2023-11-15 06:35:52.400,22001,201.54994575172742
2023-11-15 06:35:52.500,15411,208.2294772123151
2023-11-15 06:35:52.600,22001,208.2294772123151
2023-11-15 06:35:52.800,15411,201.37884814193237
2023-11-15 06:35:52.900,15411,210.22106262763484
2023-11-15 06:35:52.900,22001,201.37884814193237
2023-11-15 06:35:53.000,22001,210.22106262763484
2023-11-15 06:35:53.600,15411,205.0534306067248
2023-11-15 06:35:53.700,22001,205.0534306067248
2023-11-15 06:35:53.900,15411,213.51567894895643
2023-11-15 06:35:54.000,15411,208.15479377213055
2023-11-15 06:35:54.000,22001,213.51567894895643
2023-11-15 06:35:54.100,15411,214.46732116136695
2023-11-15 06:35:54.100,22001,208.15479377213055
2023-11-15 06:35:54.200,22001,214.46732116136695
2023-11-15 06:35:54.300,15411,202.42906903543332
2023-11-15 06:35:54.400,15411,213.68622288427963
2023-11-15 06:35:54.400,22001,202.42906903543332
2023-11-15 06:35:54.500,15411,202.33604703089756
2023-11-15 06:35:54.500,22001,213.68622288427963
2023-11-15 06:35:54.600,15411,213.52158043256279
2023-11-15 06:35:54.600,22001,202.33604703089756
2023-11-15 06:35:54.700,15411,202.55075386912964
2023-11-15 06:35:54.700,22001,213.52158043256279
2023-11-15 06:35:54.800,15411,211.51772856867296
2023-11-15 06:35:54.800,22001,202.55075386912964
2023-11-15 06:35:54.900,15411,203.71836676979223
2023-11-15 06:35:54.900,22001,211.51772856867296
2023-11-15 06:35:55.000,15411,213.43360159899223
2023-11-15 06:35:55.000,22001,203.71836676979223
2023-11-15 06:35:55.100,15411,206.0677977637313
2023-11-15 06:35:55.100,22001,213.43360159899223
2023-11-15 06:35:55.200,22001,206.0677977637313
2023-11-15 06:35:55.300,15411,213.68095726596832
2023-11-15 06:35:55.400,15411,206.8143569983506
2023-11-15 06:35:55.400,22001,213.68095726596832
2023-11-15 06:35:55.500,22001,206.8143569983506
2023-11-15 06:35:55.700,15411,213.29510649767985
2023-11-15 06:35:55.800,15411,202.62208969186503
2023-11-15 06:35:55.800,22001,213.29510649767985
2023-11-15 06:35:55.900,22001,202.62208969186503
2023-11-15 06:35:56.500,15411,214.20339763226113
2023-11-15 06:35:56.600,15411,206.95656162192688
2023-11-15 06:35:56.600,22001,214.20339763226113
2023-11-15 06:35:56.700,22001,206.95656162192688
2023-11-15 06:35:57.100,15411,212.41138563994835
2023-11-15 06:35:57.200,22001,212.41138563994835
2023-11-15 06:35:57.300,15411,206.01685737154463
2023-11-15 06:35:57.400,22001,206.01685737154463
2023-11-15 06:35:57.800,15411,212.31503732496418
2023-11-15 06:35:57.900,22001,212.31503732496418
2023-11-15 06:35:58.200,15411,203.33913700824903
2023-11-15 06:35:58.300,15411,208.9473782303896
2023-11-15 06:35:58.300,22001,203.33913700824903
2023-11-15 06:35:58.400,22001,208.9473782303896
2023-11-15 06:35:59.500,15411,201.22391940548718
2023-11-15 06:35:59.600,15411,209.80852056486714
2023-11-15 06:35:59.600,22001,201.22391940548718
2023-11-15 06:35:59.700,22001,209.80852056486714
2023-11-15 06:35:59.900,15411,202.7436532394305
2023-11-15 06:36:00.000,22001,202.7436532394305
2023-11-15 06:36:00.200,15411,209.67234624644863
2023-11-15 06:36:00.300,15411,203.2850071742158
2023-11-15 06:36:00.300,22001,209.67234624644863
2023-11-15 06:36:00.400,15411,213.41390738514826
2023-11-15 06:36:00.400,22001,203.2850071742158
2023-11-15 06:36:00.500,22001,213.41390738514826
2023-11-15 06:36:00.800,15411,202.5157782072101
2023-11-15 06:36:00.900,22001,202.5157782072101
2023-11-15 06:36:01.200,15411,211.93614833286898
2023-11-15 06:36:01.300,22001,211.93614833286898
2023-11-15 06:36:01.400,15411,205.0825463530767
2023-11-15 06:36:01.500,15411,211.5224388494682
2023-11-15 06:36:01.500,22001,205.0825463530767
2023-11-15 06:36:01.600,22001,211.5224388494682
2023-11-15 06:36:01.700,15411,203.368303898473
2023-11-15 06:36:01.800,22001,203.368303898473
2023-11-15 06:36:01.900,15411,209.56217418033037
2023-11-15 06:36:02.000,22001,209.56217418033037
2023-11-15 06:36:02.200,15411,202.34599523908216
2023-11-15 06:36:02.300,15411,212.80621401422155
2023-11-15 06:36:02.300,22001,202.34599523908216
2023-11-15 06:36:02.400,22001,212.80621401422155
2023-11-15 06:36:02.500,15411,200.14265818051072
2023-11-15 06:36:02.600,22001,200.14265818051072
2023-11-15 06:36:03.200,15411,209.4857279615294
2023-11-15 06:36:03.300,15411,200.9992003703891
2023-11-15 06:36:03.300,22001,209.4857279615294
2023-11-15 06:36:03.400,15411,211.0144084788898
2023-11-15 06:36:03.400,22001,200.9992003703891
2023-11-15 06:36:03.500,15411,200.00347147491897
2023-11-15 06:36:03.500,22001,211.0144084788898
2023-11-15 06:36:03.600,15411,212.9269570224439
2023-11-15 06:36:03.600,22001,200.00347147491897
2023-11-15 06:36:03.700,22001,212.9269570224439
2023-11-15 06:36:03.800,15411,207.71395544348152
2023-11-15 06:36:03.900,22001,207.71395544348152
2023-11-15 06:36:04.300,15411,200.49655297225726
2023-11-15 06:36:04.400,15411,210.43882054347748
2023-11-15 06:36:04.400,22001,200.49655297225726
2023-11-15 06:36:04.500,22001,210.43882054347748
2023-11-15 06:36:04.600,15411,202.15817696594996
2023-11-15 06:36:04.700,15411,208.04244641700413
2023-11-15 06:36:04.700,22001,202.15817696594996
2023-11-15 06:36:04.800,22001,208.04244641700413
2023-11-15 06:36:05.200,15411,201.45320848268466
2023-11-15 06:36:05.300,22001,201.45320848268466
2023-11-15 06:36:05.400,15411,210.48925012766057
2023-11-15 06:36:05.500,15411,200.45509180209154
2023-11-15 06:36:05.500,22001,210.48925012766057
2023-11-15 06:36:05.600,22001,200.45509180209154
2023-11-15 06:36:05.700,15411,210.26759282539112
2023-11-15 06:36:05.800,22001,210.26759282539112
2023-11-15 06:36:05.900,15411,200.21037309976305
2023-11-15 06:36:06.000,15411,206.50136093159728
2023-11-15 06:36:06.000,22001,200.21037309976305
2023-11-15 06:36:06.100,15411,213.4915387524659
2023-11-15 06:36:06.100,22001,206.50136093159728
2023-11-15 06:36:06.200,22001,213.4915387524659
2023-11-15 06:36:06.400,15411,204.0903358938005
2023-11-15 06:36:06.500,15411,211.73805077764172
2023-11-15 06:36:06.500,22001,204.0903358938005
2023-11-15 06:36:06.600,15411,206.60903482183988
2023-11-15 06:36:06.600,22001,211.73805077764172
2023-11-15 06:36:06.700,22001,206.60903482183988
2023-11-15 06:36:06.900,15411,211.66385502397375
2023-11-15 06:36:07.000,15411,199.8238245934376
2023-11-15 06:36:07.000,22001,211.66385502397375
2023-11-15 06:36:07.100,22001,199.8238245934376
2023-11-15 06:36:07.300,15411,208.73956119907422
2023-11-15 06:36:07.400,22001,208.73956119907422
2023-11-15 06:36:07.500,15411,203.67361833969156
2023-11-15 06:36:07.600,22001,203.67361833969156
2023-11-15 06:36:08.100,15411,210.8500144218306
2023-11-15 06:36:08.200,22001,210.8500144218306
2023-11-15 06:36:08.500,15411,201.75962680568608
2023-11-15 06:36:08.600,22001,201.75962680568608
2023-11-15 06:36:08.700,15411,211.6682570240723
2023-11-15 06:36:08.800,15411,205.83269055049288
2023-11-15 06:36:08.800,22001,211.6682570240723
2023-11-15 06:36:08.900,22001,205.83269055049288
2023-11-15 06:36:09.200,15411,199.55750873000957
2023-11-15 06:36:09.300,15411,206.15808444221597
2023-11-15 06:36:09.300,22001,199.55750873000957
2023-11-15 06:36:09.400,22001,206.15808444221597
2023-11-15 06:36:10.400,15411,212.6844052638007
2023-11-15 06:36:10.500,15411,199.30904807833213
2023-11-15 06:36:10.500,22001,212.6844052638007
2023-11-15 06:36:10.600,15411,210.8466349344618
2023-11-15 06:36:10.600,22001,199.30904807833213
2023-11-15 06:36:10.700,15411,205.5957796536804
2023-11-15 06:36:10.700,22001,210.8466349344618
2023-11-15 06:36:10.800,22001,205.5957796536804
2023-11-15 06:36:11.200,15411,211.57635711012668
2023-11-15 06:36:11.300,22001,211.57635711012668
2023-11-15 06:36:11.500,15411,202.07167156920605
2023-11-15 06:36:11.600,22001,202.07167156920605
2023-11-15 06:36:11.700,15411,207.5712540918891
2023-11-15 06:36:11.800,22001,207.5712540918891
2023-11-15 06:36:12.200,15411,199.9097055597134
2023-11-15 06:36:12.300,15411,208.92262460018046
2023-11-15 06:36:12.300,22001,199.9097055597134
2023-11-15 06:36:12.400,22001,208.92262460018046
2023-11-15 06:36:12.600,15411,199.88054736578428
2023-11-15 06:36:12.700,22001,199.88054736578428
2023-11-15 06:36:12.900,15411,209.3894273878403
2023-11-15 06:36:13.000,15411,203.34983307567592
2023-11-15 06:36:13.000,22001,209.3894273878403
2023-11-15 06:36:13.100,22001,203.34983307567592
2023-11-15 06:36:13.200,15411,209.56966754868245
2023-11-15 06:36:13.300,15411,199.10758105033247
2023-11-15 06:36:13.300,22001,209.56966754868245
2023-11-15 06:36:13.400,22001,199.10758105033247
2023-11-15 06:36:13.500,15411,210.3456898098263
2023-11-15 06:36:13.600,15411,202.3178481414566
2023-11-15 06:36:13.600,22001,210.3456898098263
2023-11-15 06:36:13.700,22001,202.3178481414566
2023-11-15 06:36:13.800,15411,211.04940044341535
2023-11-15 06:36:13.900,22001,211.04940044341535
2023-11-15 06:36:14.000,15411,199.8007060938901
2023-11-15 06:36:14.100,22001,199.8007060938901
2023-11-15 06:36:14.400,15411,206.29630460791896
2023-11-15 06:36:14.500,22001,206.29630460791896
2023-11-15 06:36:14.600,15411,200.75975378380474
2023-11-15 06:36:14.700,22001,200.75975378380474
2023-11-15 06:36:14.800,15411,210.04499453186915
2023-11-15 06:36:14.900,22001,210.04499453186915
2023-11-15 06:36:15.000,15411,202.68160074360011
2023-11-15 06:36:15.100,22001,202.68160074360011
2023-11-15 06:36:15.300,15411,212.17744522583774
2023-11-15 06:36:15.400,15411,204.8291545053176
2023-11-15 06:36:15.400,22001,212.17744522583774
2023-11-15 06:36:15.500,15411,199.6571525858547
2023-11-15 06:36:15.500,22001,204.8291545053176
2023-11-15 06:36:15.600,22001,199.6571525858547
2023-11-15 06:36:15.700,15411,206.65714214878386
2023-11-15 06:36:15.800,22001,206.65714214878386
2023-11-15 06:36:16.000,15411,199.28911699609355
2023-11-15 06:36:16.100,15411,205.08222803197268
2023-11-15 06:36:16.100,22001,199.28911699609355
2023-11-15 06:36:16.200,22001,205.08222803197268
2023-11-15 06:36:16.300,15411,199.09958207409298
2023-11-15 06:36:16.400,15411,211.95048379975842
2023-11-15 06:36:16.400,22001,199.09958207409298
2023-11-15 06:36:16.500,15411,202.81862412255208
2023-11-15 06:36:16.500,22001,211.95048379975842
2023-11-15 06:36:16.600,15411,208.33611121522966
2023-11-15 06:36:16.600,22001,202.81862412255208
2023-11-15 06:36:16.700,15411,199.862421495507
2023-11-15 06:36:16.700,22001,208.33611121522966
2023-11-15 06:36:16.800,22001,199.862421495507
2023-11-15 06:36:16.900,15411,210.3967346967992
2023-11-15 06:36:17.000,22001,210.3967346967992
2023-11-15 06:36:17.100,15411,203.03087120019563
2023-11-15 06:36:17.200,22001,203.03087120019563
2023-11-15 06:36:17.800,15411,209.68219987566093
2023-11-15 06:36:17.900,22001,209.68219987566093
2023-11-15 06:36:18.000,15411,198.75202240451378
2023-11-15 06:36:18.100,22001,198.75202240451378
2023-11-15 06:36:18.400,15411,205.55881459278046
2023-11-15 06:36:18.500,22001,205.55881459278046
2023-11-15 06:36:18.700,15411,199.17524646816682
2023-11-15 06:36:18.800,15411,205.14818779103388
2023-11-15 06:36:18.800,22001,199.17524646816682
2023-11-15 06:36:18.900,15411,210.90513846073873
2023-11-15 06:36:18.900,22001,205.14818779103388
2023-11-15 06:36:19.000,22001,210.90513846073873
2023-11-15 06:36:19.100,15411,198.5195253678808
2023-11-15 06:36:19.200,15411,205.7725009089148
2023-11-15 06:36:19.200,22001,198.5195253678808
2023-11-15 06:36:19.300,15411,200.09326066073464
2023-11-15 06:36:19.300,22001,205.7725009089148
2023-11-15 06:36:19.400,15411,205.3049888624432
2023-11-15 06:36:19.400,22001,200.09326066073464
2023-11-15 06:36:19.500,22001,205.3049888624432
2023-11-15 06:36:20.100,15411,198.62386732608692
2023-11-15 06:36:20.200,15411,204.66506380147106
2023-11-15 06:36:20.200,22001,198.62386732608692
2023-11-15 06:36:20.300,22001,204.66506380147106
2023-11-15 06:36:20.500,15411,210.22310311749035
2023-11-15 06:36:20.600,15411,199.8772104998033
2023-11-15 06:36:20.600,22001,210.22310311749035
2023-11-15 06:36:20.700,22001,199.8772104998033
2023-11-15 06:36:20.800,15411,208.47122412412347
2023-11-15 06:36:20.900,15411,201.4398233654448
2023-11-15 06:36:20.900,22001,208.47122412412347
2023-11-15 06:36:21.000,15411,210.13705471299446
2023-11-15 06:36:21.000,22001,201.4398233654448
2023-11-15 06:36:21.100,15411,200.16008327566624
2023-11-15 06:36:21.100,22001,210.13705471299446
2023-11-15 06:36:21.200,22001,200.16008327566624
2023-11-15 06:36:21.300,15411,208.2544710865849
2023-11-15 06:36:21.400,22001,208.2544710865849
2023-11-15 06:36:21.600,15411,199.88102395557945
2023-11-15 06:36:21.700,15411,209.18922735430127
2023-11-15 06:36:21.700,22001,199.88102395557945
2023-11-15 06:36:21.800,22001,209.18922735430127
2023-11-15 06:36:21.900,15411,203.73281767648743
2023-11-15 06:36:22.000,22001,203.73281767648743
2023-11-15 06:36:22.100,15411,211.9499198897777
2023-11-15 06:36:22.200,15411,201.10222531302082
2023-11-15 06:36:22.200,22001,211.9499198897777
2023-11-15 06:36:22.300,22001,201.10222531302082
2023-11-15 06:36:22.600,15411,210.06887216628465
2023-11-15 06:36:22.700,22001,210.06887216628465
2023-11-15 06:36:22.900,15411,203.4674941967745
2023-11-15 06:36:23.000,15411,210.16656360574723
2023-11-15 06:36:23.000,22001,203.4674941967745
2023-11-15 06:36:23.100,22001,210.16656360574723
2023-11-15 06:36:23.200,15411,201.4831165498935
2023-11-15 06:36:23.300,15411,209.13049886946567
2023-11-15 06:36:23.300,22001,201.4831165498935
2023-11-15 06:36:23.400,15411,198.94979108234025
2023-11-15 06:36:23.400,22001,209.13049886946567
2023-11-15 06:36:23.500,22001,198.94979108234025
2023-11-15 06:36:23.600,15411,210.65877760309075
2023-11-15 06:36:23.700,15411,199.83658820496206
2023-11-15 06:36:23.700,22001,210.65877760309075
2023-11-15 06:36:23.800,15411,210.8502059004196
2023-11-15 06:36:23.800,22001,199.83658820496206
2023-11-15 06:36:23.900,22001,210.8502059004196
2023-11-15 06:36:24.000,15411,205.23790689982252
2023-11-15 06:36:24.100,15411,200.02341421584754
2023-11-15 06:36:24.100,22001,205.23790689982252
2023-11-15 06:36:24.200,15411,205.50100077528919
2023-11-15 06:36:24.200,22001,200.02341421584754
2023-11-15 06:36:24.300,22001,205.50100077528919
2023-11-15 06:36:24.400,15411,210.7978991126178
2023-11-15 06:36:24.500,22001,210.7978991126178
2023-11-15 06:36:24.800,15411,202.66569790104342
2023-11-15 06:36:24.900,22001,202.66569790104342
2023-11-15 06:36:25.100,15411,210.8978912102883
2023-11-15 06:36:25.200,22001,210.8978912102883
2023-11-15 06:36:25.300,15411,200.86553891006022
2023-11-15 06:36:25.400,15411,207.51729625519988
2023-11-15 06:36:25.400,22001,200.86553891006022
2023-11-15 06:36:25.500,15411,200.79155035452774
2023-11-15 06:36:25.500,22001,207.51729625519988
2023-11-15 06:36:25.600,15411,209.28857774007096
2023-11-15 06:36:25.600,22001,200.79155035452774
2023-11-15 06:36:25.700,22001,209.28857774007096
2023-11-15 06:36:26.000,15411,198.7732715548399
2023-11-15 06:36:26.100,22001,198.7732715548399
2023-11-15 06:36:26.200,15411,211.5933507637701
2023-11-15 06:36:26.300,22001,211.5933507637701
2023-11-15 06:36:26.400,15411,201.3923524979558
2023-11-15 06:36:26.500,22001,201.3923524979558
2023-11-15 06:36:26.700,15411,209.96962941750732
2023-11-15 06:36:26.800,22001,209.96962941750732
2023-11-15 06:36:26.900,15411,203.6171014128524
2023-11-15 06:36:27.000,15411,209.5771963668908
2023-11-15 06:36:27.000,22001,203.6171014128524
2023-11-15 06:36:27.100,22001,209.5771963668908
2023-11-15 06:36:27.300,15411,200.0041232944291
2023-11-15 06:36:27.400,15411,211.1850433187657
2023-11-15 06:36:27.400,22001,200.0041232944291
2023-11-15 06:36:27.500,15411,199.15275191953788
2023-11-15 06:36:27.500,22001,211.1850433187657
2023-11-15 06:36:27.600,15411,209.61619003609567
2023-11-15 06:36:27.600,22001,199.15275191953788
2023-11-15 06:36:27.700,22001,209.61619003609567
2023-11-15 06:36:27.900,15411,200.45727376934775
2023-11-15 06:36:28.000,22001,200.45727376934775
2023-11-15 06:36:28.200,15411,207.85018005296976
2023-11-15 06:36:28.300,15411,199.50839812472802
2023-11-15 06:36:28.300,22001,207.85018005296976
2023-11-15 06:36:28.400,15411,207.76294712809485
2023-11-15 06:36:28.400,22001,199.50839812472802
2023-11-15 06:36:28.500,15411,198.70322220284353
2023-11-15 06:36:28.500,22001,207.76294712809485
2023-11-15 06:36:28.600,22001,198.70322220284353
2023-11-15 06:36:28.800,15411,209.2308901029246
2023-11-15 06:36:28.900,22001,209.2308901029246
2023-11-15 06:36:29.000,15411,198.0076321583207
2023-11-15 06:36:29.100,22001,198.0076321583207
2023-11-15 06:36:29.200,15411,206.88666604134394
2023-11-15 06:36:29.300,15411,199.9736531230071
2023-11-15 06:36:29.300,22001,206.88666604134394
2023-11-15 06:36:29.400,22001,199.9736531230071
2023-11-15 06:36:29.500,15411,208.52369804141722
2023-11-15 06:36:29.600,15411,202.29579670893133
2023-11-15 06:36:29.600,22001,208.52369804141722
2023-11-15 06:36:29.700,22001,202.29579670893133
2023-11-15 06:36:29.800,15411,209.7061908480657
2023-11-15 06:36:29.900,15411,202.33082097784822
2023-11-15 06:36:29.900,22001,209.7061908480657
2023-11-15 06:36:30.000,22001,202.33082097784822
2023-11-15 06:36:30.100,15411,210.5017521075742
2023-11-15 06:36:30.200,15411,200.8617922600446
2023-11-15 06:36:30.200,22001,210.5017521075742
2023-11-15 06:36:30.300,22001,200.8617922600446
2023-11-15 06:36:30.600,15411,209.84547774604246
2023-11-15 06:36:30.700,22001,209.84547774604246
2023-11-15 06:36:31.100,15411,202.3422461407024
2023-11-15 06:36:31.200,22001,202.3422461407024
2023-11-15 06:36:31.500,15411,210.91264133938992
2023-11-15 06:36:31.600,15411,198.4699800029358
2023-11-15 06:36:31.600,22001,210.91264133938992
2023-11-15 06:36:31.700,15411,205.19627890854184
2023-11-15 06:36:31.700,22001,198.4699800029358
2023-11-15 06:36:31.800,15411,198.13013610619817
2023-11-15 06:36:31.800,22001,205.19627890854184
2023-11-15 06:36:31.900,22001,198.13013610619817
2023-11-15 06:36:32.000,15411,209.95367939426535
2023-11-15 06:36:32.100,15411,201.42206600879118
2023-11-15 06:36:32.100,22001,209.95367939426535
2023-11-15 06:36:32.200,22001,201.42206600879118
2023-11-15 06:36:32.400,15411,209.0339212054547
2023-11-15 06:36:32.500,15411,199.96814114830983
2023-11-15 06:36:32.500,22001,209.0339212054547
2023-11-15 06:36:32.600,22001,199.96814114830983
2023-11-15 06:36:32.700,15411,210.86786807937105
2023-11-15 06:36:32.800,22001,210.86786807937105
2023-11-15 06:36:32.900,15411,199.4935008306683
2023-11-15 06:36:33.000,15411,207.84650537045866
2023-11-15 06:36:33.000,22001,199.4935008306683
2023-11-15 06:36:33.100,22001,207.84650537045866
2023-11-15 06:36:33.400,15411,198.00074363979542
2023-11-15 06:36:33.500,15411,205.7023588490157
2023-11-15 06:36:33.500,22001,198.00074363979542
2023-11-15 06:36:33.600,22001,205.7023588490157
2023-11-15 06:36:33.700,15411,200.5764221062622
2023-11-15 06:36:33.800,22001,200.5764221062622
2023-11-15 06:36:34.000,15411,209.1207413843537
2023-11-15 06:36:34.100,22001,209.1207413843537
2023-11-15 06:36:34.200,15411,199.8993894994235
2023-11-15 06:36:34.300,15411,206.8446792105068
2023-11-15 06:36:34.300,22001,199.8993894994235
2023-11-15 06:36:34.400,15411,199.2712644895302
2023-11-15 06:36:34.400,22001,206.8446792105068
2023-11-15 06:36:34.500,15411,208.5613571450602
2023-11-15 06:36:34.500,22001,199.2712644895302
2023-11-15 06:36:34.600,15411,203.12968857020056
2023-11-15 06:36:34.600,22001,208.5613571450602
2023-11-15 06:36:34.700,22001,203.12968857020056
2023-11-15 06:36:34.900,15411,210.93345576079673
2023-11-15 06:36:35.000,15411,197.36005280703145
2023-11-15 06:36:35.000,22001,210.93345576079673
2023-11-15 06:36:35.100,15411,99.83263792483378
2023-11-15 06:36:35.100,22001,197.36005280703145
2023-11-15 06:36:35.200,22001,99.83263792483378
2023-11-15 07:08:41.300,15411,107.27537289995804
2023-11-15 07:08:41.400,22001,107.27537289995804
2023-11-15 07:08:41.500,15411,92.78896205462001
2023-11-15 07:08:41.600,22001,92.78896205462001
2023-11-15 07:08:41.700,15411,98.51817292602841
2023-11-15 07:08:41.800,22001,98.51817292602841
2023-11-15 07:08:42.000,15411,105.57332836309655
2023-11-15 07:08:42.100,15411,97.82526736662862
2023-11-15 07:08:42.100,22001,105.57332836309655
2023-11-15 07:08:42.200,15411,107.8262171379345
2023-11-15 07:08:42.200,22001,97.82526736662862
2023-11-15 07:08:42.300,15411,99.36092081040931
2023-11-15 07:08:42.300,22001,107.8262171379345
2023-11-15 07:08:42.400,22001,99.36092081040931
2023-11-15 07:08:42.900,15411,105.92304581089476
2023-11-15 07:08:43.000,15411,93.37297233612794
2023-11-15 07:08:43.000,22001,105.92304581089476
2023-11-15 07:08:43.100,15411,101.95918283207509
2023-11-15 07:08:43.100,22001,93.37297233612794
2023-11-15 07:08:43.200,22001,101.95918283207509
2023-11-15 07:08:43.500,15411,107.89550513038009
2023-11-15 07:08:43.600,15411,101.30822628012487
2023-11-15 07:08:43.600,22001,107.89550513038009
2023-11-15 07:08:43.700,22001,101.30822628012487
2023-11-15 07:08:43.900,15411,95.8872201875239
2023-11-15 07:08:44.000,15411,102.1125262919832
2023-11-15 07:08:44.000,22001,95.8872201875239
2023-11-15 07:08:44.100,22001,102.1125262919832
2023-11-15 07:08:44.200,15411,96.43940688640515
2023-11-15 07:08:44.300,15411,106.18095373493205
2023-11-15 07:08:44.300,22001,96.43940688640515
2023-11-15 07:08:44.400,15411,96.07476940654573
2023-11-15 07:08:44.400,22001,106.18095373493205
2023-11-15 07:08:44.500,15411,106.48623866629238
2023-11-15 07:08:44.500,22001,96.07476940654573
2023-11-15 07:08:44.600,22001,106.48623866629238
2023-11-15 07:08:44.700,15411,100.42140963995436
2023-11-15 07:08:44.800,15411,108.35494135864784
2023-11-15 07:08:44.800,22001,100.42140963995436
2023-11-15 07:08:44.900,15411,98.15635997789903
2023-11-15 07:08:44.900,22001,108.35494135864784
2023-11-15 07:08:45.000,22001,98.15635997789903
2023-11-15 07:08:45.400,15411,111.33791642385154
2023-11-15 07:08:45.500,15411,99.06347769461226
2023-11-15 07:08:45.500,22001,111.33791642385154
2023-11-15 07:08:45.600,15411,112.51147904648136
2023-11-15 07:08:45.600,22001,99.06347769461226
2023-11-15 07:08:45.700,15411,102.78449145711905
2023-11-15 07:08:45.700,22001,112.51147904648136
2023-11-15 07:08:45.800,22001,102.78449145711905
2023-11-15 07:08:45.900,15411,110.4588424310959
2023-11-15 07:08:46.000,22001,110.4588424310959
2023-11-15 07:08:46.100,15411,103.98154977819404
2023-11-15 07:08:46.200,22001,103.98154977819404
2023-11-15 07:08:46.300,15411,111.88815992644122
2023-11-15 07:08:46.400,22001,111.88815992644122
2023-11-15 07:08:46.600,15411,102.12009304542721
2023-11-15 07:08:46.700,15411,114.61352352542856
2023-11-15 07:08:46.700,22001,102.12009304542721
2023-11-15 07:08:46.800,22001,114.61352352542856
2023-11-15 07:08:46.900,15411,103.08572233965614
2023-11-15 07:08:47.000,22001,103.08572233965614
2023-11-15 07:08:47.100,15411,116.85075442307945
2023-11-15 07:08:47.200,22001,116.85075442307945
2023-11-15 07:08:47.300,15411,107.2289585038448
2023-11-15 07:08:47.400,15411,112.58608979316212
2023-11-15 07:08:47.400,22001,107.2289585038448
2023-11-15 07:08:47.500,22001,112.58608979316212
2023-11-15 07:08:48.200,15411,107.30593984930933
2023-11-15 07:08:48.300,22001,107.30593984930933
2023-11-15 07:08:48.400,15411,117.26704720246266
2023-11-15 07:08:48.500,15411,123.5051895591013
2023-11-15 07:08:48.500,22001,117.26704720246266
2023-11-15 07:08:48.600,15411,114.95051216942603
2023-11-15 07:08:48.600,22001,123.5051895591013
2023-11-15 07:08:48.700,15411,124.97733504239629
2023-11-15 07:08:48.700,22001,114.95051216942603
2023-11-15 07:08:48.800,22001,124.97733504239629
2023-11-15 07:08:48.900,15411,116.63747734341912
2023-11-15 07:08:49.000,15411,111.1027296452436
2023-11-15 07:08:49.000,22001,116.63747734341912
2023-11-15 07:08:49.100,22001,111.1027296452436
2023-11-15 07:08:49.200,15411,122.79485947329042
2023-11-15 07:08:49.300,22001,122.79485947329042
2023-11-15 07:08:49.600,15411,115.23336877948736
2023-11-15 07:08:49.700,15411,129.96061221738478
2023-11-15 07:08:49.700,22001,115.23336877948736
2023-11-15 07:08:49.800,15411,121.78551539068755
2023-11-15 07:08:49.800,22001,129.96061221738478
2023-11-15 07:08:49.900,15411,115.08598581956832
2023-11-15 07:08:49.900,22001,121.78551539068755
2023-11-15 07:08:50.000,22001,115.08598581956832
2023-11-15 07:08:50.100,15411,126.27859025031167
2023-11-15 07:08:50.200,22001,126.27859025031167
2023-11-15 07:08:50.300,15411,120.29693779001548
2023-11-15 07:08:50.400,15411,132.62030782205107
2023-11-15 07:08:50.400,22001,120.29693779001548
2023-11-15 07:08:50.500,22001,132.62030782205107
2023-11-15 07:08:50.700,15411,123.17017632735406
2023-11-15 07:08:50.800,15411,134.9300309829587
2023-11-15 07:08:50.800,22001,123.17017632735406
2023-11-15 07:08:50.900,22001,134.9300309829587
2023-11-15 07:08:51.000,15411,121.57097565954012
2023-11-15 07:08:51.100,22001,121.57097565954012
2023-11-15 07:08:51.200,15411,130.25023653469768
2023-11-15 07:08:51.300,22001,130.25023653469768
2023-11-15 07:08:51.900,15411,138.21235618091367
2023-11-15 07:08:52.000,15411,127.4070915333656
2023-11-15 07:08:52.000,22001,138.21235618091367
2023-11-15 07:08:52.100,22001,127.4070915333656
2023-11-15 07:08:52.200,15411,133.20842944517224
2023-11-15 07:08:52.300,15411,141.022954209306
2023-11-15 07:08:52.300,22001,133.20842944517224
2023-11-15 07:08:52.400,15411,134.318540532976
2023-11-15 07:08:52.400,22001,141.022954209306
2023-11-15 07:08:52.500,15411,140.13234256333718
2023-11-15 07:08:52.500,22001,134.318540532976
2023-11-15 07:08:52.600,15411,130.99232588039322
2023-11-15 07:08:52.600,22001,140.13234256333718
2023-11-15 07:08:52.700,22001,130.99232588039322
2023-11-15 07:08:52.800,15411,147.3386886465987
2023-11-15 07:08:52.900,22001,147.3386886465987
2023-11-15 07:08:53.100,15411,136.73649407173707
2023-11-15 07:08:53.200,15411,145.94472988930286
2023-11-15 07:08:53.200,22001,136.73649407173707
2023-11-15 07:08:53.300,22001,145.94472988930286
2023-11-15 07:08:53.400,15411,136.8242437703683
2023-11-15 07:08:53.500,22001,136.8242437703683
2023-11-15 07:08:53.600,15411,149.72439746416987
2023-11-15 07:08:53.700,22001,149.72439746416987
2023-11-15 07:08:53.900,15411,143.20675245365567
2023-11-15 07:08:54.000,22001,143.20675245365567
2023-11-15 07:08:54.200,15411,153.19681183170138
2023-11-15 07:08:54.300,22001,153.19681183170138
2023-11-15 07:08:54.500,15411,158.23819067232708
2023-11-15 07:08:54.600,22001,158.23819067232708
2023-11-15 07:08:54.700,15411,146.5381109850424
2023-11-15 07:08:54.800,22001,146.5381109850424
2023-11-15 07:08:55.000,15411,157.70864938587724
2023-11-15 07:08:55.100,22001,157.70864938587724
2023-11-15 07:08:55.200,15411,152.2793613674598
2023-11-15 07:08:55.300,15411,159.70953284279656
2023-11-15 07:08:55.300,22001,152.2793613674598
2023-11-15 07:08:55.400,22001,159.70953284279656
2023-11-15 07:08:55.500,15411,164.97135364131645
2023-11-15 07:08:55.600,15411,156.99051384846436
2023-11-15 07:08:55.600,22001,164.97135364131645
2023-11-15 07:08:55.700,22001,156.99051384846436
2023-11-15 07:08:56.000,15411,164.72111588782883
2023-11-15 07:08:56.100,22001,164.72111588782883
2023-11-15 07:08:56.200,15411,171.50697443528765
2023-11-15 07:08:56.300,22001,171.50697443528765
2023-11-15 07:08:56.500,15411,161.86732212969184
2023-11-15 07:08:56.600,15411,174.55003607141066
2023-11-15 07:08:56.600,22001,161.86732212969184
2023-11-15 07:08:56.700,22001,174.55003607141066
2023-11-15 07:08:56.900,15411,167.69413035677428
2023-11-15 07:08:57.000,22001,167.69413035677428
2023-11-15 07:08:57.100,15411,174.3738819782408
2023-11-15 07:08:57.200,15411,168.5209134376375
2023-11-15 07:08:57.200,22001,174.3738819782408
2023-11-15 07:08:57.300,15411,178.1068592708013
2023-11-15 07:08:57.300,22001,168.5209134376375
2023-11-15 07:08:57.400,22001,178.1068592708013
2023-11-15 07:08:57.700,15411,169.58295099371512
2023-11-15 07:08:57.800,15411,176.01897480346963
2023-11-15 07:08:57.800,22001,169.58295099371512
2023-11-15 07:08:57.900,15411,183.3290187770809
2023-11-15 07:08:57.900,22001,176.01897480346963
2023-11-15 07:08:58.000,15411,173.59491142456307
2023-11-15 07:08:58.000,22001,183.3290187770809
2023-11-15 07:08:58.100,15411,181.8407295816114
2023-11-15 07:08:58.100,22001,173.59491142456307
2023-11-15 07:08:58.200,22001,181.8407295816114
2023-11-15 07:08:58.300,15411,176.79467613986066
2023-11-15 07:08:58.400,15411,188.88187198108866
2023-11-15 07:08:58.400,22001,176.79467613986066
2023-11-15 07:08:58.500,22001,188.88187198108866
2023-11-15 07:08:58.800,15411,181.43414110741102
2023-11-15 07:08:58.900,15411,190.17709431494652
2023-11-15 07:08:58.900,22001,181.43414110741102
2023-11-15 07:08:59.000,22001,190.17709431494652
2023-11-15 07:08:59.200,15411,182.91604978800243
2023-11-15 07:08:59.300,22001,182.91604978800243
2023-11-15 07:08:59.400,15411,192.0787614255942
2023-11-15 07:08:59.500,15411,184.60291601783027
2023-11-15 07:08:59.500,22001,192.0787614255942
2023-11-15 07:08:59.600,15411,193.0725452087949
2023-11-15 07:08:59.600,22001,184.60291601783027
2023-11-15 07:08:59.700,22001,193.0725452087949
2023-11-15 07:09:00.000,15411,202.10069209874723
2023-11-15 07:09:00.100,22001,202.10069209874723
2023-11-15 07:09:00.400,15411,196.77316090219944
2023-11-15 07:09:00.500,22001,196.77316090219944
2023-11-15 07:09:00.800,15411,205.40591370736098
2023-11-15 07:09:00.900,15411,198.7142442884738
2023-11-15 07:09:00.900,22001,205.40591370736098
2023-11-15 07:09:01.000,22001,198.7142442884738
2023-11-15 07:09:01.200,15411,206.5521099710894
2023-11-15 07:09:01.300,15411,212.9033392824001
2023-11-15 07:09:01.300,22001,206.5521099710894
2023-11-15 07:09:01.400,22001,212.9033392824001
2023-11-15 07:09:02.200,15411,207.1495945528234
2023-11-15 07:09:02.300,22001,207.1495945528234
2023-11-15 07:09:02.500,15411,215.02227211786118
2023-11-15 07:09:02.600,22001,215.02227211786118
2023-11-15 07:09:02.800,15411,222.251354323307
2023-11-15 07:09:02.900,22001,222.251354323307
2023-11-15 07:09:03.000,15411,227.46358136797684
2023-11-15 07:09:03.100,22001,227.46358136797684
2023-11-15 07:09:03.300,15411,217.787979393647
2023-11-15 07:09:03.400,22001,217.787979393647
2023-11-15 07:09:03.500,15411,228.7821486839418
2023-11-15 07:09:03.600,15411,219.1654259159709
2023-11-15 07:09:03.600,22001,228.7821486839418
2023-11-15 07:09:03.700,15411,227.43393690160093
2023-11-15 07:09:03.700,22001,219.1654259159709
2023-11-15 07:09:03.800,15411,220.38136629363262
2023-11-15 07:09:03.800,22001,227.43393690160093
2023-11-15 07:09:03.900,22001,220.38136629363262
2023-11-15 07:09:04.000,15411,227.10190223238976
2023-11-15 07:09:04.100,15411,234.84921255295072
2023-11-15 07:09:04.100,22001,227.10190223238976
2023-11-15 07:09:04.200,22001,234.84921255295072
2023-11-15 07:09:04.600,15411,240.9117595514516
2023-11-15 07:09:04.700,15411,233.39462462649175
2023-11-15 07:09:04.700,22001,240.9117595514516
2023-11-15 07:09:04.800,22001,233.39462462649175
2023-11-15 07:09:04.900,15411,240.88208056431452
2023-11-15 07:09:05.000,22001,240.88208056431452
2023-11-15 07:09:05.100,15411,232.84380069841495
2023-11-15 07:09:05.200,15411,239.82550431609056
2023-11-15 07:09:05.200,22001,232.84380069841495
2023-11-15 07:09:05.300,22001,239.82550431609056
2023-11-15 07:09:05.600,15411,247.28714140577097
2023-11-15 07:09:05.700,22001,247.28714140577097
2023-11-15 07:09:05.900,15411,240.58582299322023
2023-11-15 07:09:06.000,15411,246.66449520367772
2023-11-15 07:09:06.000,22001,240.58582299322023
2023-11-15 07:09:06.100,22001,246.66449520367772
2023-11-15 07:09:06.300,15411,253.14277114645725
2023-11-15 07:09:06.400,15411,244.69706096256039
2023-11-15 07:09:06.400,22001,253.14277114645725
2023-11-15 07:09:06.500,15411,249.92362805434362
2023-11-15 07:09:06.500,22001,244.69706096256039
2023-11-15 07:09:06.600,22001,249.92362805434362
2023-11-15 07:09:06.700,15411,256.1405939594564
2023-11-15 07:09:06.800,15411,245.33775371794562
2023-11-15 07:09:06.800,22001,256.1405939594564
2023-11-15 07:09:06.900,15411,255.120595990497
2023-11-15 07:09:06.900,22001,245.33775371794562
2023-11-15 07:09:07.000,22001,255.120595990497
2023-11-15 07:09:07.100,15411,249.27295711572003
2023-11-15 07:09:07.200,22001,249.27295711572003
2023-11-15 07:09:07.300,15411,262.424228802075
2023-11-15 07:09:07.400,22001,262.424228802075
2023-11-15 07:09:07.500,15411,255.93623738440198
2023-11-15 07:09:07.600,22001,255.93623738440198
2023-11-15 07:09:07.900,15411,262.07502340243553
2023-11-15 07:09:08.000,22001,262.07502340243553
2023-11-15 07:09:08.500,15411,268.20987278785907
2023-11-15 07:09:08.600,15411,262.6346668511621
2023-11-15 07:09:08.600,22001,268.20987278785907
2023-11-15 07:09:08.700,15411,269.8598568658449
2023-11-15 07:09:08.700,22001,262.6346668511621
2023-11-15 07:09:08.800,22001,269.8598568658449
2023-11-15 07:09:09.500,15411,281.15390173033467
2023-11-15 07:09:09.600,15411,271.916032898505
2023-11-15 07:09:09.600,22001,281.15390173033467
2023-11-15 07:09:09.700,15411,280.2172632285324
2023-11-15 07:09:09.700,22001,271.916032898505
2023-11-15 07:09:09.800,22001,280.2172632285324
2023-11-15 07:09:09.900,15411,271.0863191656543
2023-11-15 07:09:10.000,22001,271.0863191656543
2023-11-15 07:09:10.100,15411,283.33694011088784
2023-11-15 07:09:10.200,15411,277.01109866594686
2023-11-15 07:09:10.200,22001,283.33694011088784
2023-11-15 07:09:10.300,22001,277.01109866594686
2023-11-15 07:09:10.500,15411,286.2118705778532
2023-11-15 07:09:10.600,15411,279.9936170833821
2023-11-15 07:09:10.600,22001,286.2118705778532
2023-11-15 07:09:10.700,15411,291.66387235248135
2023-11-15 07:09:10.700,22001,279.9936170833821
2023-11-15 07:09:10.800,15411,285.8927130389648
2023-11-15 07:09:10.800,22001,291.66387235248135
2023-11-15 07:09:10.900,22001,285.8927130389648
2023-11-15 07:09:11.000,15411,292.8527301081088
2023-11-15 07:09:11.100,22001,292.8527301081088
2023-11-15 07:09:11.500,15411,287.33430099244845
2023-11-15 07:09:11.600,22001,287.33430099244845
2023-11-15 07:09:11.900,15411,297.1569458936939
2023-11-15 07:09:12.000,22001,297.1569458936939
2023-11-15 07:09:12.800,15411,303.42952137201223
2023-11-15 07:09:12.900,22001,303.42952137201223
2023-11-15 07:09:13.000,15411,296.88910396431487
2023-11-15 07:09:13.100,22001,296.88910396431487
2023-11-15 08:30:30.500,15421,12919.996606525357
2023-11-15 08:44:54.400,15411,302.42408933286436
2023-11-15 08:44:54.500,22001,302.42408933286436
2023-11-15 08:44:55.200,15411,294.98493347706426
2023-11-15 08:44:55.300,22001,294.98493347706426
2023-11-15 08:44:55.400,15411,300.7209344794609
2023-11-15 08:44:55.500,15411,294.2834480706311
2023-11-15 08:44:55.500,22001,300.7209344794609
2023-11-15 08:44:55.600,22001,294.2834480706311
2023-11-15 08:44:55.800,15411,300.1588861158907
2023-11-15 08:44:55.900,15411,293.80644203352045
2023-11-15 08:44:55.900,22001,300.1588861158907
2023-11-15 08:44:56.000,15411,300.2870601952059
2023-11-15 08:44:56.000,22001,293.80644203352045
2023-11-15 08:44:56.100,22001,300.2870601952059
2023-11-15 08:44:56.200,15411,294.01568262507726
2023-11-15 08:44:56.300,22001,294.01568262507726
2023-11-15 08:44:57.200,15411,288.10464700004576
2023-11-15 08:44:57.300,22001,288.10464700004576
2023-11-15 08:44:57.400,15411,293.7671108363607
2023-11-15 08:44:57.500,22001,293.7671108363607
2023-11-15 08:44:57.700,15411,286.43138279626476
2023-11-15 08:44:57.800,22001,286.43138279626476
2023-11-15 08:44:58.500,15411,280.69212464313176
2023-11-15 08:44:58.600,15411,285.806218276825
2023-11-15 08:44:58.600,22001,280.69212464313176
2023-11-15 08:44:58.700,22001,285.806218276825
2023-11-15 08:44:58.800,15411,279.5168202590227
2023-11-15 08:44:58.900,22001,279.5168202590227
2023-11-15 08:44:59.500,15411,273.8630788321744
2023-11-15 08:44:59.600,22001,273.8630788321744
2023-11-15 08:45:00.400,15411,268.57697448841526
2023-11-15 08:45:00.500,22001,268.57697448841526
2023-11-15 08:45:00.600,15411,263.27246536405136
2023-11-15 08:45:00.700,22001,263.27246536405136
2023-11-15 08:45:01.600,15411,258.15090082890873
2023-11-15 08:45:01.700,22001,258.15090082890873
2023-11-15 08:45:01.800,15411,252.8122519583717
2023-11-15 08:45:01.900,22001,252.8122519583717
2023-11-15 08:45:02.400,15411,247.39309222587315
2023-11-15 08:45:02.500,15411,253.0631739713672
2023-11-15 08:45:02.500,22001,247.39309222587315
2023-11-15 08:45:02.600,22001,253.0631739713672
2023-11-15 08:45:02.700,15411,244.65281096907583
2023-11-15 08:45:02.800,15411,251.54577981555127
2023-11-15 08:45:02.800,22001,244.65281096907583
2023-11-15 08:45:02.900,22001,251.54577981555127
2023-11-15 08:45:03.100,15411,242.97227492841031
2023-11-15 08:45:03.200,22001,242.97227492841031
2023-11-15 08:45:03.700,15411,237.7968435168093
2023-11-15 08:45:03.800,22001,237.7968435168093
2023-11-15 08:45:04.700,15411,229.03046669256557
2023-11-15 08:45:04.800,22001,229.03046669256557
2023-11-15 09:51:35.800,15411,222.25038008069748
2023-11-15 09:51:35.900,22001,222.25038008069748
2023-11-15 09:51:39.100,15411,216.57742560927065
2023-11-15 09:51:39.200,22001,216.57742560927065
2023-11-15 09:51:41.800,15411,211.5273372519718
2023-11-15 09:51:41.900,22001,211.5273372519718
2023-11-15 10:25:07.700,15411,216.60359206715896
2023-11-15 10:25:07.800,22001,216.60359206715896
2023-11-15 10:25:19.300,15411,211.46690371447582
2023-11-15 10:25:19.400,22001,211.46690371447582
2023-11-15 10:40:44.500,15421,12419.991905919884
2023-11-15 11:26:15.200,15411,202.44662352356923
2023-11-15 11:26:15.300,22001,202.44662352356923
2023-11-15 11:26:15.400,15411,217.51437638478077
2023-11-15 11:26:15.500,15411,211.47566137075356
2023-11-15 11:26:15.500,22001,217.51437638478077
2023-11-15 11:26:15.600,15411,206.25633140956202
2023-11-15 11:26:15.600,22001,211.47566137075356
2023-11-15 11:26:15.700,22001,206.25633140956202
2023-11-15 11:26:16.000,15411,213.98345648201422
2023-11-15 11:26:16.100,22001,213.98345648201422
2023-11-15 11:26:16.200,15411,202.15190295539614
2023-11-15 11:26:16.300,22001,202.15190295539614
2023-11-15 11:26:16.400,15411,215.417558162418
2023-11-15 11:26:16.500,22001,215.417558162418
2023-11-15 11:26:16.600,15411,200.40353185228292
2023-11-15 11:26:16.700,22001,200.40353185228292
2023-11-15 11:26:16.900,15411,206.545935403959
2023-11-15 11:26:17.000,22001,206.545935403959
2023-11-15 11:26:17.100,15411,211.79364176237544
2023-11-15 11:26:17.200,15411,197.8158605702982
2023-11-15 11:26:17.200,22001,211.79364176237544
2023-11-15 11:26:17.300,22001,197.8158605702982
2023-11-15 11:26:17.400,15411,203.97113929325005
2023-11-15 11:26:17.500,22001,203.97113929325005
2023-11-15 11:26:17.800,15411,196.48957016818505
2023-11-15 11:26:17.900,15411,207.84823142158154
2023-11-15 11:26:17.900,22001,196.48957016818505
2023-11-15 11:26:18.000,15411,193.43442473995037
2023-11-15 11:26:18.000,22001,207.84823142158154
2023-11-15 11:26:18.100,22001,193.43442473995037
2023-11-15 11:26:18.500,15411,203.440691260815
2023-11-15 11:26:18.600,22001,203.440691260815
2023-11-15 11:26:18.700,15411,194.20634461724768
2023-11-15 11:26:18.800,22001,194.20634461724768
2023-11-15 11:26:19.000,15411,186.7308967180981
2023-11-15 11:26:19.100,22001,186.7308967180981
2023-11-15 11:26:19.200,15411,198.34034266566286
2023-11-15 11:26:19.300,15411,185.53856458328156
2023-11-15 11:26:19.300,22001,198.34034266566286
2023-11-15 11:26:19.400,22001,185.53856458328156
2023-11-15 11:26:19.500,15411,180.4817964715344
2023-11-15 11:26:19.600,15411,191.2884262648991
2023-11-15 11:26:19.600,22001,180.4817964715344
2023-11-15 11:26:19.700,15411,179.21671894352335
2023-11-15 11:26:19.700,22001,191.2884262648991
2023-11-15 11:26:19.800,15411,192.21165987831594
2023-11-15 11:26:19.800,22001,179.21671894352335
2023-11-15 11:26:19.900,15411,184.06651695302077
2023-11-15 11:26:19.900,22001,192.21165987831594
2023-11-15 11:26:20.000,15411,178.39027179585392
2023-11-15 11:26:20.000,22001,184.06651695302077
2023-11-15 11:26:20.100,22001,178.39027179585392
2023-11-15 11:26:20.200,15411,186.80546609590738
2023-11-15 11:26:20.300,22001,186.80546609590738
2023-11-15 11:26:20.600,15411,178.25860155451792
2023-11-15 11:26:20.700,15411,170.9960965691958
2023-11-15 11:26:20.700,22001,178.25860155451792
2023-11-15 11:26:20.800,15411,177.5817742175362
2023-11-15 11:26:20.800,22001,170.9960965691958
2023-11-15 11:26:20.900,22001,177.5817742175362
2023-11-15 11:26:21.100,15411,163.48879185891855
2023-11-15 11:26:21.200,15411,177.41435935370058
2023-11-15 11:26:21.200,22001,163.48879185891855
2023-11-15 11:26:21.300,22001,177.41435935370058
2023-11-15 11:26:21.400,15411,163.67855364134425
2023-11-15 11:26:21.500,15411,173.33352071254632
2023-11-15 11:26:21.500,22001,163.67855364134425
2023-11-15 11:26:21.600,22001,173.33352071254632
2023-11-15 11:26:21.800,15411,166.42357968830882
2023-11-15 11:26:21.900,22001,166.42357968830882
2023-11-15 11:26:22.200,15411,152.992511815102
2023-11-15 11:26:22.300,22001,152.992511815102
2023-11-15 11:26:22.600,15411,145.94122367970428
2023-11-15 11:26:22.700,22001,145.94122367970428
2023-11-15 11:26:23.000,15411,151.03720836792232
2023-11-15 11:26:23.100,15411,144.1047929336651
2023-11-15 11:26:23.100,22001,151.03720836792232
2023-11-15 11:26:23.200,15411,138.68103822741145
2023-11-15 11:26:23.200,22001,144.1047929336651
2023-11-15 11:26:23.300,22001,138.68103822741145
2023-11-15 11:26:23.400,15411,144.14532711498524
2023-11-15 11:26:23.500,15411,136.983975675507
2023-11-15 11:26:23.500,22001,144.14532711498524
2023-11-15 11:26:23.600,22001,136.983975675507
2023-11-15 11:26:23.700,15411,146.68567015801915
2023-11-15 11:26:23.800,15411,134.55005945336538
2023-11-15 11:26:23.800,22001,146.68567015801915
2023-11-15 11:26:23.900,22001,134.55005945336538
2023-11-15 11:26:24.000,15411,140.4280738473831
2023-11-15 11:26:24.100,15411,128.51314343832473
2023-11-15 11:26:24.100,22001,140.4280738473831
2023-11-15 11:26:24.200,22001,128.51314343832473
2023-11-15 11:26:24.300,15411,136.7634691068921
2023-11-15 11:26:24.400,22001,136.7634691068921
2023-11-15 11:26:24.500,15411,122.89440159011797
2023-11-15 11:26:24.600,22001,122.89440159011797
2023-11-15 11:26:24.800,15411,131.08272459752192
2023-11-15 11:26:24.900,22001,131.08272459752192
2023-11-15 11:26:25.000,15411,121.4295416354757
2023-11-15 11:26:25.100,22001,121.4295416354757
2023-11-15 11:26:25.500,15411,116.22148282069014
2023-11-15 11:26:25.600,22001,116.22148282069014
2023-11-15 11:26:25.800,15411,107.37284848348497
2023-11-15 11:26:25.900,15411,115.90564262963936
2023-11-15 11:26:25.900,22001,107.37284848348497
2023-11-15 11:26:26.000,22001,115.90564262963936
2023-11-15 11:26:26.200,15411,108.22187889566852
2023-11-15 11:26:26.300,22001,108.22187889566852
2023-11-15 11:26:26.400,15411,102.92435773368746
2023-11-15 11:26:26.500,15411,109.2910038647305
2023-11-15 11:26:26.500,22001,102.92435773368746
2023-11-15 11:26:26.600,15411,104.08827802806239
2023-11-15 11:26:26.600,22001,109.2910038647305
2023-11-15 11:26:26.700,22001,104.08827802806239
2023-11-15 11:26:26.800,15411,96.68819050854485
2023-11-15 11:26:26.900,22001,96.68819050854485
2023-11-15 11:26:27.000,15411,104.22682570726754
2023-11-15 11:26:27.100,15411,96.84209392381827
2023-11-15 11:26:27.100,22001,104.22682570726754
2023-11-15 11:26:27.200,22001,96.84209392381827
2023-11-15 12:40:38.200,15411,104.85401035729198
2023-11-15 12:40:38.300,15411,97.55878051291684
2023-11-15 12:40:38.300,22001,104.85401035729198
2023-11-15 12:40:38.400,22001,97.55878051291684
2023-11-15 12:40:38.500,15411,107.41551286565534
2023-11-15 12:40:38.600,15411,98.9224912114417
2023-11-15 12:40:38.600,22001,107.41551286565534
2023-11-15 12:40:38.700,22001,98.9224912114417
2023-11-15 12:40:38.900,15411,108.09117226345336
2023-11-15 12:40:39.000,15411,99.24980894396273
2023-11-15 12:40:39.000,22001,108.09117226345336
2023-11-15 12:40:39.100,22001,99.24980894396273
2023-11-15 12:40:39.300,15411,106.68944667939272
2023-11-15 12:40:39.400,15411,101.33127635609303
2023-11-15 12:40:39.400,22001,106.68944667939272
2023-11-15 12:40:39.500,15411,107.87411418120068
2023-11-15 12:40:39.500,22001,101.33127635609303
2023-11-15 12:40:39.600,22001,107.87411418120068
2023-11-15 12:40:39.700,15411,101.42640127160806
2023-11-15 12:40:39.800,22001,101.42640127160806
2023-11-15 12:40:39.900,15411,110.34162729780837
2023-11-15 12:40:40.000,15411,99.40008826625484
2023-11-15 12:40:40.000,22001,110.34162729780837
2023-11-15 12:40:40.100,22001,99.40008826625484
2023-11-15 12:40:40.200,15411,108.92164496568807
2023-11-15 12:40:40.300,15411,101.11784249535964
2023-11-15 12:40:40.300,22001,108.92164496568807
2023-11-15 12:40:40.400,15411,109.76732140341022
2023-11-15 12:40:40.400,22001,101.11784249535964
2023-11-15 12:40:40.500,22001,109.76732140341022
2023-11-15 12:40:40.600,15411,100.91906097705471
2023-11-15 12:40:40.700,22001,100.91906097705471
2023-11-15 12:40:41.000,15411,107.65137277480787
2023-11-15 12:40:41.100,22001,107.65137277480787
2023-11-15 12:40:41.200,15411,117.70421191947288
2023-11-15 12:40:41.300,22001,117.70421191947288
2023-11-15 12:40:41.400,15411,104.83554641148115
2023-11-15 12:40:41.500,15411,117.2731091857362
2023-11-15 12:40:41.500,22001,104.83554641148115
2023-11-15 12:40:41.600,15411,111.66281888794254
2023-11-15 12:40:41.600,22001,117.2731091857362
2023-11-15 12:40:41.700,22001,111.66281888794254
2023-11-15 12:40:41.900,15411,117.7766537477439
2023-11-15 12:40:42.000,22001,117.7766537477439
2023-11-15 12:40:42.500,15411,125.48181814247913
2023-11-15 12:40:42.600,22001,125.48181814247913
2023-11-15 12:40:42.800,15411,131.3410787838424
2023-11-15 12:40:42.900,22001,131.3410787838424
2023-11-15 12:40:43.000,15411,124.06889370699736
2023-11-15 12:40:43.100,15411,134.7845333549156
2023-11-15 12:40:43.100,22001,124.06889370699736
2023-11-15 12:40:43.200,22001,134.7845333549156
2023-11-15 12:40:43.500,15411,127.02016474652835
2023-11-15 12:40:43.600,15411,141.19912947506575
2023-11-15 12:40:43.600,22001,127.02016474652835
2023-11-15 12:40:43.700,15411,130.787692143824
2023-11-15 12:40:43.700,22001,141.19912947506575
2023-11-15 12:40:43.800,22001,130.787692143824
2023-11-15 12:40:43.900,15411,143.71888891501263
2023-11-15 12:40:44.000,15411,137.51492266137427
2023-11-15 12:40:44.000,22001,143.71888891501263
2023-11-15 12:40:44.100,22001,137.51492266137427
2023-11-15 12:40:44.600,15411,151.388945988115
2023-11-15 12:40:44.700,15411,141.2181417946262
2023-11-15 12:40:44.700,22001,151.388945988115
2023-11-15 12:40:44.800,15411,147.24172607345974
2023-11-15 12:40:44.800,22001,141.2181417946262
2023-11-15 12:40:44.900,15411,152.89605687233234
2023-11-15 12:40:44.900,22001,147.24172607345974
2023-11-15 12:40:45.000,22001,152.89605687233234
2023-11-15 12:40:45.500,15411,158.46135653175358
2023-11-15 12:40:45.600,22001,158.46135653175358
2023-11-15 12:40:45.900,15411,163.54997875068997
2023-11-15 12:40:46.000,22001,163.54997875068997
2023-11-15 12:40:46.300,15411,172.07573927115692
2023-11-15 12:40:46.400,22001,172.07573927115692
2023-11-15 12:40:46.700,15411,182.64746138654033
2023-11-15 12:40:46.800,22001,182.64746138654033
2023-11-15 12:40:47.300,15411,189.06463620252416
2023-11-15 12:40:47.400,15411,179.89276528867313
2023-11-15 12:40:47.400,22001,189.06463620252416
2023-11-15 12:40:47.500,15411,185.14131474218223
2023-11-15 12:40:47.500,22001,179.89276528867313
2023-11-15 12:40:47.600,22001,185.14131474218223
2023-11-15 12:40:47.900,15411,196.21247603727204
2023-11-15 12:40:48.000,15411,188.67023724185705
2023-11-15 12:40:48.000,22001,196.21247603727204
2023-11-15 12:40:48.100,22001,188.67023724185705
2023-11-15 12:40:48.200,15411,206.58848726180153
2023-11-15 12:40:48.300,15411,199.60208290493188
2023-11-15 12:40:48.300,22001,206.58848726180153
2023-11-15 12:40:48.400,22001,199.60208290493188
2023-11-15 12:40:48.500,15411,207.2019981763332
2023-11-15 12:40:48.600,15411,213.71548771740441
2023-11-15 12:40:48.600,22001,207.2019981763332
2023-11-15 12:40:48.700,15411,208.48288534924234
2023-11-15 12:40:48.700,22001,213.71548771740441
2023-11-15 12:40:48.800,22001,208.48288534924234
2023-11-15 12:40:49.000,15411,216.19914433865904
2023-11-15 12:40:49.100,15411,208.9483992633722
2023-11-15 12:40:49.100,22001,216.19914433865904
2023-11-15 12:40:49.200,22001,208.9483992633722
2023-11-15 12:40:49.300,15411,223.44244211284578
2023-11-15 12:40:49.400,15411,215.96304599903385
2023-11-15 12:40:49.400,22001,223.44244211284578
2023-11-15 12:40:49.500,15411,221.64287899270053
2023-11-15 12:40:49.500,22001,215.96304599903385
2023-11-15 12:40:49.600,15411,215.0924911386075
2023-11-15 12:40:49.600,22001,221.64287899270053
2023-11-15 12:40:49.700,15411,224.48274219530785
2023-11-15 12:40:49.700,22001,215.0924911386075
2023-11-15 12:40:49.800,22001,224.48274219530785
2023-11-15 12:40:50.000,15411,230.08093568999774
2023-11-15 12:40:50.100,22001,230.08093568999774
2023-11-15 12:40:50.300,15411,237.63406571785836
2023-11-15 12:40:50.400,22001,237.63406571785836
2023-11-15 12:40:50.800,15411,247.4264793637038
2023-11-15 12:40:50.900,15411,241.13250387522373
2023-11-15 12:40:50.900,22001,247.4264793637038
2023-11-15 12:40:51.000,15411,249.68479302353168
2023-11-15 12:40:51.000,22001,241.13250387522373
2023-11-15 12:40:51.100,22001,249.68479302353168
2023-11-15 12:40:51.200,15411,237.56928469155395
2023-11-15 12:40:51.300,15411,243.649194966014
2023-11-15 12:40:51.300,22001,237.56928469155395
2023-11-15 12:40:51.400,22001,243.649194966014
2023-11-15 12:40:51.500,15411,255.44211379561247
2023-11-15 12:40:51.600,15411,243.76229647522715
2023-11-15 12:40:51.600,22001,255.44211379561247
2023-11-15 12:40:51.700,22001,243.76229647522715
2023-11-15 12:40:51.900,15411,253.52645896809312
2023-11-15 12:40:52.000,15411,261.65990269263284
2023-11-15 12:40:52.000,22001,253.52645896809312
2023-11-15 12:40:52.100,22001,261.65990269263284
2023-11-15 12:40:52.400,15411,269.4153655009748
2023-11-15 12:40:52.500,15411,257.4715598253237
2023-11-15 12:40:52.500,22001,269.4153655009748
2023-11-15 12:40:52.600,22001,257.4715598253237
2023-11-15 12:40:52.700,15411,264.986008324102
2023-11-15 12:40:52.800,15411,273.2836853644686
2023-11-15 12:40:52.800,22001,264.986008324102
2023-11-15 12:40:52.900,15411,265.72957373002157
2023-11-15 12:40:52.900,22001,273.2836853644686
2023-11-15 12:40:53.000,22001,265.72957373002157
2023-11-15 12:40:53.100,15411,275.2316851835406
2023-11-15 12:40:53.200,15411,270.1358878935131
2023-11-15 12:40:53.200,22001,275.2316851835406
2023-11-15 12:40:53.300,22001,270.1358878935131
2023-11-15 13:28:52.900,15421,11919.986577217041
2023-11-15 15:20:04.600,15421,11419.980570684542
2023-11-15 17:11:16.200,15421,10919.97944614985
2023-11-15 17:41:15.500,15411,276.8967987254755
2023-11-15 17:41:15.600,15411,269.05663560738435
2023-11-15 17:41:15.600,22001,276.8967987254755
2023-11-15 17:41:15.700,15411,263.6103965265509
2023-11-15 17:41:15.700,22001,269.05663560738435
2023-11-15 17:41:15.800,15411,268.8792674959348
2023-11-15 17:41:15.800,22001,263.6103965265509
2023-11-15 17:41:15.900,22001,268.8792674959348
2023-11-15 17:41:16.000,15411,263.09242248247574
2023-11-15 17:41:16.100,15411,272.13595355268257
2023-11-15 17:41:16.100,22001,263.09242248247574
2023-11-15 17:41:16.200,22001,272.13595355268257
2023-11-15 17:41:16.400,15411,262.4080840647522
2023-11-15 17:41:16.500,22001,262.4080840647522
2023-11-15 17:41:16.600,15411,268.25672301924766
2023-11-15 17:41:16.700,22001,268.25672301924766
2023-11-15 17:41:16.800,15411,262.8174903369069
2023-11-15 17:41:16.900,15411,255.96907146735063
2023-11-15 17:41:16.900,22001,262.8174903369069
2023-11-15 17:41:17.000,15411,261.03688906826926
2023-11-15 17:41:17.000,22001,255.96907146735063
2023-11-15 17:41:17.100,22001,261.03688906826926
2023-11-15 17:41:17.200,15411,253.11301993815692
2023-11-15 17:41:17.300,22001,253.11301993815692
2023-11-15 17:41:17.500,15411,248.00284320103148
2023-11-15 17:41:17.600,22001,248.00284320103148
2023-11-15 17:41:18.200,15411,253.29592635955962
2023-11-15 17:41:18.300,22001,253.29592635955962
2023-11-15 17:41:18.400,15411,236.25419189708248
2023-11-15 17:41:18.500,22001,236.25419189708248
2023-11-15 17:41:18.600,15411,244.5507800899676
2023-11-15 17:41:18.700,15411,230.97086992455198
2023-11-15 17:41:18.700,22001,244.5507800899676
2023-11-15 17:41:18.800,15411,237.20425252583374
2023-11-15 17:41:18.800,22001,230.97086992455198
2023-11-15 17:41:18.900,22001,237.20425252583374
2023-11-15 17:41:19.000,15411,231.58674379749246
2023-11-15 17:41:19.100,15411,236.88040900837447
2023-11-15 17:41:19.100,22001,231.58674379749246
2023-11-15 17:41:19.200,15411,224.4728435477556
2023-11-15 17:41:19.200,22001,236.88040900837447
2023-11-15 17:41:19.300,15411,231.11105784767344
2023-11-15 17:41:19.300,22001,224.4728435477556
2023-11-15 17:41:19.400,15411,224.82232787175246
2023-11-15 17:41:19.400,22001,231.11105784767344
2023-11-15 17:41:19.500,22001,224.82232787175246
2023-11-15 17:41:19.700,15411,217.8242429633939
2023-11-15 17:41:19.800,22001,217.8242429633939
2023-11-15 17:41:19.900,15411,207.7677316607371
2023-11-15 17:41:20.000,15411,218.50773551456618
2023-11-15 17:41:20.000,22001,207.7677316607371
2023-11-15 17:41:20.100,22001,218.50773551456618
2023-11-15 17:41:20.200,15411,212.17884290364378
2023-11-15 17:41:20.300,15411,199.0864037261805
2023-11-15 17:41:20.300,22001,212.17884290364378
2023-11-15 17:41:20.400,22001,199.0864037261805
2023-11-15 17:41:20.800,15411,192.70968979500856
2023-11-15 17:41:20.900,22001,192.70968979500856
2023-11-15 17:41:21.100,15411,183.21413735970086
2023-11-15 17:41:21.200,22001,183.21413735970086
2023-11-15 17:41:21.700,15411,177.67468447002315
2023-11-15 17:41:21.800,15411,169.51145652710008
2023-11-15 17:41:21.800,22001,177.67468447002315
2023-11-15 17:41:21.900,22001,169.51145652710008
2023-11-15 17:41:22.000,15411,158.3444333193707
2023-11-15 17:41:22.100,15411,167.3306749560303
2023-11-15 17:41:22.100,22001,158.3444333193707
2023-11-15 17:41:22.200,22001,167.3306749560303
2023-11-15 17:41:22.300,15411,160.47952756525592
2023-11-15 17:41:22.400,22001,160.47952756525592
2023-11-15 17:41:22.600,15411,151.4035267599638
2023-11-15 17:41:22.700,22001,151.4035267599638
2023-11-15 17:41:23.000,15411,141.78215025513146
2023-11-15 17:41:23.100,22001,141.78215025513146
2023-11-15 17:41:23.300,15411,129.3339086882709
2023-11-15 17:41:23.400,15411,137.74199610415965
2023-11-15 17:41:23.400,22001,129.3339086882709
2023-11-15 17:41:23.500,22001,137.74199610415965
2023-11-15 17:41:23.600,15411,127.23610758683883
2023-11-15 17:41:23.700,22001,127.23610758683883
2023-11-15 17:41:23.800,15411,119.06785016105347
2023-11-15 17:41:23.900,15411,129.194970941005
2023-11-15 17:41:23.900,22001,119.06785016105347
2023-11-15 17:41:24.000,15411,119.51261020475684
2023-11-15 17:41:24.000,22001,129.194970941005
2023-11-15 17:41:24.100,15411,112.14610238176707
2023-11-15 17:41:24.100,22001,119.51261020475684
2023-11-15 17:41:24.200,15411,119.26170505361969
2023-11-15 17:41:24.200,22001,112.14610238176707
2023-11-15 17:41:24.300,22001,119.26170505361969
2023-11-15 17:41:24.500,15411,113.52521977250234
2023-11-15 17:41:24.600,15411,103.09410501943478
2023-11-15 17:41:24.600,22001,113.52521977250234
2023-11-15 17:41:24.700,15411,109.25692246237443
2023-11-15 17:41:24.700,22001,103.09410501943478
2023-11-15 17:41:24.800,22001,109.25692246237443
2023-11-15 17:41:24.900,15411,101.84952904264318
2023-11-15 17:41:25.000,22001,101.84952904264318
2023-11-15 17:41:25.100,15411,95.4242877064717
2023-11-15 17:41:25.200,22001,95.4242877064717
